adbcfd,127.0.0.1,GET,http://localhost2/,1416298846,
73d4b8,127.0.0.1,GET,http://localhost2/logout,1416298854,
a05dcc,127.0.0.1,GET,http://localhost2/,1416298857,
078cf5,127.0.0.1,GET,http://localhost2/login,1416298865,
e7b46a,127.0.0.1,POST,http://localhost2/login_check,1416298881,
0b2f09,127.0.0.1,GET,http://localhost2/login,1416298884,
8e7453,127.0.0.1,POST,http://localhost2/login_check,1416298896,
eee11b,127.0.0.1,GET,http://localhost2/,1416298899,
d096bf,127.0.0.1,GET,http://localhost2/,1416298943,
7ad1a4,127.0.0.1,GET,http://localhost2/dummy,1416298952,
77b9e7,127.0.0.1,GET,http://localhost2/,1416299016,
99a961,127.0.0.1,GET,http://localhost2/article/3,1416299025,
a2850d,127.0.0.1,GET,http://localhost2/article/5,1416299032,
594019,127.0.0.1,GET,http://localhost2/,1416299044,
d90ab1,127.0.0.1,GET,http://localhost2/dummy,1416299073,
25a247,127.0.0.1,GET,http://localhost2/,1416299449,
2969a3,127.0.0.1,GET,http://localhost2/,1416901331,
a8067b,127.0.0.1,GET,http://localhost2/favicon.ico,1416901331,
4b46fa,127.0.0.1,GET,http://localhost2/favicon.ico,1416901331,
06a082,127.0.0.1,GET,http://localhost2/dummy,1416901338,
39bf01,127.0.0.1,GET,http://localhost2/,1416902392,
fb9d4b,127.0.0.1,GET,http://localhost2/,1416902399,
008e4f,127.0.0.1,GET,http://localhost2/,1416902418,
cc969f,127.0.0.1,GET,http://localhost2/,1416902582,
0a5599,127.0.0.1,GET,http://localhost2/,1416902595,
625ef6,127.0.0.1,GET,http://localhost2/,1416902596,
c4f525,127.0.0.1,GET,http://localhost2/,1416902596,
324bf6,127.0.0.1,GET,http://localhost2/,1416902765,
eca499,127.0.0.1,GET,http://localhost2/,1416903294,
8a8e64,127.0.0.1,GET,http://localhost2/,1416903372,
0f08a7,127.0.0.1,GET,http://localhost2/,1416903373,
0ccd11,127.0.0.1,GET,http://localhost2/login,1416903417,
6613e1,127.0.0.1,POST,http://localhost2/login_check,1416903495,
dfb726,127.0.0.1,GET,http://localhost2/login,1416903495,
07278b,127.0.0.1,POST,http://localhost2/login_check,1416903505,
7de679,127.0.0.1,GET,http://localhost2/login,1416903505,
139742,127.0.0.1,POST,http://localhost2/login_check,1416903536,
4e360f,127.0.0.1,GET,http://localhost2/login,1416903536,
212e99,127.0.0.1,POST,http://localhost2/login_check,1416903569,
afb679,127.0.0.1,GET,http://localhost2/login,1416903569,
d53e22,127.0.0.1,POST,http://localhost2/login_check,1416903580,
34f9cb,127.0.0.1,GET,http://localhost2/login,1416903580,
841112,127.0.0.1,GET,http://localhost2/login,1416903600,
af99ae,127.0.0.1,POST,http://localhost2/login_check,1416903603,
e14d9b,127.0.0.1,GET,http://localhost2/login,1416903603,
7f6825,127.0.0.1,POST,http://localhost2/login_check,1416903608,
3eb561,127.0.0.1,GET,http://localhost2/login,1416903608,
4d76f3,127.0.0.1,POST,http://localhost2/login_check,1416903698,
10c74f,127.0.0.1,GET,http://localhost2/,1416903698,
c45ba4,127.0.0.1,GET,http://localhost2/admin,1416903728,
e985d1,127.0.0.1,GET,http://localhost2/,1416903833,
79293e,127.0.0.1,GET,http://localhost2/admin,1416903835,
660fd0,127.0.0.1,GET,http://localhost2/admin/article/add,1416903900,
4a5e7a,127.0.0.1,POST,http://localhost2/admin/article/add,1416903939,
627fe7,127.0.0.1,POST,http://localhost2/admin/article/add,1416903963,
d38dd5,127.0.0.1,GET,http://localhost2/admin,1416903971,
7f1d36,127.0.0.1,GET,http://localhost2/admin/article/5/delete,1416903975,
02573e,127.0.0.1,GET,http://localhost2/admin,1416903976,
e4a93d,127.0.0.1,GET,http://localhost2/admin/article/4/delete,1416903978,
5df826,127.0.0.1,GET,http://localhost2/admin,1416903978,
f6abb6,127.0.0.1,GET,http://localhost2/admin,1416904071,
e1b3c0,127.0.0.1,GET,http://localhost2/admin,1416904075,
b8b76a,127.0.0.1,GET,http://localhost2/article/1,1416904094,
64d8c8,127.0.0.1,POST,http://localhost2/article/1,1416904099,
3512d4,127.0.0.1,GET,http://localhost2/admin,1416904103,
017a1c,127.0.0.1,GET,http://localhost2/admin/comment/3/edit,1416904107,
dd6c29,127.0.0.1,POST,http://localhost2/admin/comment/3/edit,1416904112,
524b71,127.0.0.1,GET,http://localhost2/admin,1416904114,
7cf00f,127.0.0.1,GET,http://localhost2/admin/comment/3/delete,1416904120,
49095e,127.0.0.1,GET,http://localhost2/admin,1416904120,
5a8ec6,127.0.0.1,GET,http://localhost2/,1417505858,
bce44a,127.0.0.1,GET,http://localhost2/favicon.ico,1417505859,
3bc6ad,127.0.0.1,GET,http://localhost2/favicon.ico,1417505859,
bf8afa,127.0.0.1,GET,http://localhost2/login,1417505863,
62d8bb,127.0.0.1,POST,http://localhost2/login_check,1417505867,
134fd7,127.0.0.1,GET,http://localhost2/login,1417505867,
53b354,127.0.0.1,POST,http://localhost2/login_check,1417505911,
e14d8e,127.0.0.1,GET,http://localhost2/login,1417505912,
a8f8f4,127.0.0.1,POST,http://localhost2/login_check,1417505914,
fc6d7a,127.0.0.1,GET,http://localhost2/login,1417505988,
22a669,127.0.0.1,POST,http://localhost2/login_check,1417505992,
cc0e1c,127.0.0.1,GET,http://localhost2/,1417505992,
dd76ec,127.0.0.1,GET,http://localhost2/api/articles,1417506122,
07a80b,127.0.0.1,GET,http://localhost2/favicon.ico,1417506403,
5331ba,127.0.0.1,GET,http://localhost2/favicon.ico,1417506403,
25bf6f,127.0.0.1,GET,http://localhost2/api/articles,1417506439,
d6404e,127.0.0.1,GET,http://localhost2/api/articles,1417506841,
e44f96,127.0.0.1,GET,http://localhost2/admin,1417506871,
4bc6a6,127.0.0.1,GET,http://localhost2/admin/article/add,1417506874,
aacfde,127.0.0.1,POST,http://localhost2/admin/article/add,1417506903,
dd057c,127.0.0.1,GET,http://localhost2/admin,1417506904,
928d4c,127.0.0.1,GET,http://localhost2/api/articles,1417506909,
2611ce,127.0.0.1,GET,http://localhost2/api/articles,1417506916,
cb4dbc,127.0.0.1,POST,http://localhost2/api/articles,1417506936,
18fcd1,127.0.0.1,POST,http://localhost2/api/articles,1417506947,
a886ce,127.0.0.1,GET,http://localhost2/,1417506978,
ed7d96,127.0.0.1,GET,http://localhost2/article/4,1417506994,
9aa3f8,127.0.0.1,DELETE,http://localhost2/article/4,1417507013,
c90a0a,127.0.0.1,GET,http://localhost2/,1417507021,
ebef93,127.0.0.1,DELETE,http://localhost2/article/4,1417507072,
bf2bb0,127.0.0.1,GET,http://localhost2/article/4,1417507084,
2e19ee,127.0.0.1,GET,http://localhost2/,1417507261,
e1e62f,127.0.0.1,DELETE,http://localhost2/article/4,1417507290,
5f3ed8,127.0.0.1,DELETE,http://localhost2/article/4,1417507292,
64d7ef,127.0.0.1,DELETE,http://localhost2/article/4,1417507296,
3f70e1,127.0.0.1,GET,http://localhost2/,1417507306,
9f3769,127.0.0.1,GET,http://localhost2/,1417507308,
435517,127.0.0.1,DELETE,http://localhost2/article/4,1417507339,
4a22e8,127.0.0.1,GET,http://localhost2/,1417507341,
eb46e9,127.0.0.1,DELETE,http://localhost2/api/article/4,1417507396,
3e0e69,127.0.0.1,GET,http://localhost2/,1417507401,
33e813,127.0.0.1,GET,http://localhost2/,1417507791,
